INSERT INTO boards (id, title, description, level, skill, user_id, created_at) VALUES (45, 'ORANGE 루트 1', 'ORANGE 등급 루트 설명입니다.', 'ORANGE', 'SLOPER,DYNO', 1, '2025-05-20 03:46:49');
INSERT INTO boards (id, title, description, level, skill, user_id, created_at) VALUES (46, 'WHITE 루트 2', 'WHITE 등급 루트 설명입니다.', 'WHITE', 'CRIMP', 1, '2025-05-18 03:46:49');
INSERT INTO boards (id, title, description, level, skill, user_id, created_at) VALUES (47, 'ORANGE 루트 3', 'ORANGE 등급 루트 설명입니다.', 'ORANGE', 'HEEL_HOOK,OVERHANG,DYNO', 1, '2025-05-17 03:46:49');
INSERT INTO boards (id, title, description, level, skill, user_id, created_at) VALUES (48, 'ORANGE 루트 4', 'ORANGE 등급 루트 설명입니다.', 'ORANGE', 'PINCH,DYNO', 1, '2025-05-20 03:46:49');
INSERT INTO boards (id, title, description, level, skill, user_id, created_at) VALUES (49, 'WHITE 루트 5', 'WHITE 등급 루트 설명입니다.', 'WHITE', 'CRIMP,HEEL_HOOK,PINCH', 1, '2025-05-16 03:46:49');
INSERT INTO boards (id, title, description, level, skill, user_id, created_at) VALUES (50, 'WHITE 루트 6', 'WHITE 등급 루트 설명입니다.', 'WHITE', 'DYNO', 1, '2025-05-18 03:46:49');
INSERT INTO boards (id, title, description, level, skill, user_id, created_at) VALUES (51, 'ORANGE 루트 7', 'ORANGE 등급 루트 설명입니다.', 'ORANGE', 'OVERHANG', 1, '2025-05-19 03:46:49');
INSERT INTO boards (id, title, description, level, skill, user_id, created_at) VALUES (52, 'WHITE 루트 8', 'WHITE 등급 루트 설명입니다.', 'WHITE', 'BALANCE,PINCH,HEEL_HOOK', 1, '2025-05-18 03:46:49');
INSERT INTO boards (id, title, description, level, skill, user_id, created_at) VALUES (53, 'WHITE 루트 9', 'WHITE 등급 루트 설명입니다.', 'WHITE', 'SLOPER', 1, '2025-05-15 03:46:49');
INSERT INTO boards (id, title, description, level, skill, user_id, created_at) VALUES (54, 'WHITE 루트 10', 'WHITE 등급 루트 설명입니다.', 'WHITE', 'BALANCE,OVERHANG', 1, '2025-05-14 03:46:49');
INSERT INTO boards (id, title, description, level, skill, user_id, created_at) VALUES (55, 'WHITE 루트 11', 'WHITE 등급 루트 설명입니다.', 'WHITE', 'DYNO,BALANCE', 1, '2025-05-15 03:46:49');
INSERT INTO boards (id, title, description, level, skill, user_id, created_at) VALUES (56, 'YELLOW 루트 12', 'YELLOW 등급 루트 설명입니다.', 'YELLOW', 'CRIMP', 1, '2025-05-20 03:46:49');
INSERT INTO boards (id, title, description, level, skill, user_id, created_at) VALUES (57, 'ORANGE 루트 13', 'ORANGE 등급 루트 설명입니다.', 'ORANGE', 'HEEL_HOOK,CRIMP,OVERHANG', 1, '2025-05-16 03:46:49');
INSERT INTO boards (id, title, description, level, skill, user_id, created_at) VALUES (58, 'ORANGE 루트 14', 'ORANGE 등급 루트 설명입니다.', 'ORANGE', 'CRIMP,DYNO', 1, '2025-05-14 03:46:49');
INSERT INTO boards (id, title, description, level, skill, user_id, created_at) VALUES (59, 'YELLOW 루트 15', 'YELLOW 등급 루트 설명입니다.', 'YELLOW', 'HEEL_HOOK', 1, '2025-05-18 03:46:49');
INSERT INTO boards (id, title, description, level, skill, user_id, created_at) VALUES (60, 'WHITE 루트 16', 'WHITE 등급 루트 설명입니다.', 'WHITE', 'SLOPER,OVERHANG', 1, '2025-05-15 03:46:49');
INSERT INTO boards (id, title, description, level, skill, user_id, created_at) VALUES (61, 'YELLOW 루트 17', 'YELLOW 등급 루트 설명입니다.', 'YELLOW', 'CRIMP,BALANCE,SLOPER', 1, '2025-05-19 03:46:49');
INSERT INTO boards (id, title, description, level, skill, user_id, created_at) VALUES (62, 'YELLOW 루트 18', 'YELLOW 등급 루트 설명입니다.', 'YELLOW', 'PINCH', 1, '2025-05-18 03:46:49');
INSERT INTO boards (id, title, description, level, skill, user_id, created_at) VALUES (63, 'YELLOW 루트 19', 'YELLOW 등급 루트 설명입니다.', 'YELLOW', 'PINCH,DYNO', 1, '2025-05-18 03:46:49');
INSERT INTO boards (id, title, description, level, skill, user_id, created_at) VALUES (64, 'WHITE 루트 20', 'WHITE 등급 루트 설명입니다.', 'WHITE', 'DYNO', 1, '2025-05-19 03:46:49');
INSERT INTO boards (id, title, description, level, skill, user_id, created_at) VALUES (65, 'ORANGE 루트 21', 'ORANGE 등급 루트 설명입니다.', 'ORANGE', 'PINCH,BALANCE', 1, '2025-05-18 03:46:49');
INSERT INTO boards (id, title, description, level, skill, user_id, created_at) VALUES (66, 'YELLOW 루트 22', 'YELLOW 등급 루트 설명입니다.', 'YELLOW', 'BALANCE,HEEL_HOOK', 1, '2025-05-14 03:46:49');
INSERT INTO boards (id, title, description, level, skill, user_id, created_at) VALUES (67, 'WHITE 루트 23', 'WHITE 등급 루트 설명입니다.', 'WHITE', 'BALANCE,CRIMP', 1, '2025-05-18 03:46:49');
INSERT INTO boards (id, title, description, level, skill, user_id, created_at) VALUES (68, 'WHITE 루트 24', 'WHITE 등급 루트 설명입니다.', 'WHITE', 'DYNO', 1, '2025-05-18 03:46:49');
INSERT INTO boards (id, title, description, level, skill, user_id, created_at) VALUES (69, 'ORANGE 루트 25', 'ORANGE 등급 루트 설명입니다.', 'ORANGE', 'SLOPER,PINCH', 1, '2025-05-18 03:46:49');
INSERT INTO boards (id, title, description, level, skill, user_id, created_at) VALUES (70, 'ORANGE 루트 26', 'ORANGE 등급 루트 설명입니다.', 'ORANGE', 'SLOPER,BALANCE,DYNO', 1, '2025-05-16 03:46:49');
INSERT INTO boards (id, title, description, level, skill, user_id, created_at) VALUES (71, 'WHITE 루트 27', 'WHITE 등급 루트 설명입니다.', 'WHITE', 'DYNO', 1, '2025-05-15 03:46:49');
INSERT INTO boards (id, title, description, level, skill, user_id, created_at) VALUES (72, 'ORANGE 루트 28', 'ORANGE 등급 루트 설명입니다.', 'ORANGE', 'CRIMP,BALANCE,SLOPER', 1, '2025-05-20 03:46:49');
INSERT INTO boards (id, title, description, level, skill, user_id, created_at) VALUES (73, 'WHITE 루트 29', 'WHITE 등급 루트 설명입니다.', 'WHITE', 'DYNO', 1, '2025-05-19 03:46:49');
INSERT INTO boards (id, title, description, level, skill, user_id, created_at) VALUES (74, 'YELLOW 루트 30', 'YELLOW 등급 루트 설명입니다.', 'YELLOW', 'SLOPER,CRIMP', 1, '2025-05-18 03:46:49');
INSERT INTO boards (id, title, description, level, skill, user_id, created_at) VALUES (75, 'YELLOW 루트 31', 'YELLOW 등급 루트 설명입니다.', 'YELLOW', 'CRIMP', 1, '2025-05-15 03:46:49');
INSERT INTO boards (id, title, description, level, skill, user_id, created_at) VALUES (76, 'WHITE 루트 32', 'WHITE 등급 루트 설명입니다.', 'WHITE', 'DYNO', 1, '2025-05-20 03:46:49');
INSERT INTO boards (id, title, description, level, skill, user_id, created_at) VALUES (77, 'ORANGE 루트 33', 'ORANGE 등급 루트 설명입니다.', 'ORANGE', 'HEEL_HOOK', 1, '2025-05-19 03:46:49');
INSERT INTO boards (id, title, description, level, skill, user_id, created_at) VALUES (78, 'YELLOW 루트 34', 'YELLOW 등급 루트 설명입니다.', 'YELLOW', 'SLOPER', 1, '2025-05-14 03:46:49');
INSERT INTO boards (id, title, description, level, skill, user_id, created_at) VALUES (79, 'WHITE 루트 35', 'WHITE 등급 루트 설명입니다.', 'WHITE', 'OVERHANG,CRIMP,BALANCE', 1, '2025-05-19 03:46:49');
INSERT INTO boards (id, title, description, level, skill, user_id, created_at) VALUES (80, 'YELLOW 루트 36', 'YELLOW 등급 루트 설명입니다.', 'YELLOW', 'CRIMP', 1, '2025-05-18 03:46:49');
INSERT INTO boards (id, title, description, level, skill, user_id, created_at) VALUES (81, 'YELLOW 루트 37', 'YELLOW 등급 루트 설명입니다.', 'YELLOW', 'PINCH,BALANCE', 1, '2025-05-16 03:46:49');
INSERT INTO boards (id, title, description, level, skill, user_id, created_at) VALUES (82, 'WHITE 루트 38', 'WHITE 등급 루트 설명입니다.', 'WHITE', 'OVERHANG', 1, '2025-05-14 03:46:49');
INSERT INTO boards (id, title, description, level, skill, user_id, created_at) VALUES (83, 'YELLOW 루트 39', 'YELLOW 등급 루트 설명입니다.', 'YELLOW', 'SLOPER,BALANCE,HEEL_HOOK', 1, '2025-05-19 03:46:49');
INSERT INTO boards (id, title, description, level, skill, user_id, created_at) VALUES (84, 'YELLOW 루트 40', 'YELLOW 등급 루트 설명입니다.', 'YELLOW', 'PINCH,BALANCE,SLOPER', 1, '2025-05-20 03:46:49');
INSERT INTO boards (id, title, description, level, skill, user_id, created_at) VALUES (85, 'WHITE 루트 41', 'WHITE 등급 루트 설명입니다.', 'WHITE', 'HEEL_HOOK', 1, '2025-05-18 03:46:49');
INSERT INTO boards (id, title, description, level, skill, user_id, created_at) VALUES (86, 'YELLOW 루트 42', 'YELLOW 등급 루트 설명입니다.', 'YELLOW', 'SLOPER,HEEL_HOOK,DYNO', 1, '2025-05-17 03:46:49');
INSERT INTO boards (id, title, description, level, skill, user_id, created_at) VALUES (87, 'YELLOW 루트 43', 'YELLOW 등급 루트 설명입니다.', 'YELLOW', 'OVERHANG', 1, '2025-05-18 03:46:49');
INSERT INTO boards (id, title, description, level, skill, user_id, created_at) VALUES (88, 'WHITE 루트 44', 'WHITE 등급 루트 설명입니다.', 'WHITE', 'SLOPER,CRIMP', 1, '2025-05-15 03:46:49');
INSERT INTO boards (id, title, description, level, skill, user_id, created_at) VALUES (89, 'WHITE 루트 45', 'WHITE 등급 루트 설명입니다.', 'WHITE', 'PINCH,DYNO', 1, '2025-05-20 03:46:49');
INSERT INTO boards (id, title, description, level, skill, user_id, created_at) VALUES (90, 'WHITE 루트 46', 'WHITE 등급 루트 설명입니다.', 'WHITE', 'SLOPER', 1, '2025-05-19 03:46:49');
INSERT INTO boards (id, title, description, level, skill, user_id, created_at) VALUES (91, 'WHITE 루트 47', 'WHITE 등급 루트 설명입니다.', 'WHITE', 'PINCH,SLOPER', 1, '2025-05-18 03:46:49');
INSERT INTO boards (id, title, description, level, skill, user_id, created_at) VALUES (92, 'WHITE 루트 48', 'WHITE 등급 루트 설명입니다.', 'WHITE', 'DYNO,PINCH,HEEL_HOOK', 1, '2025-05-16 03:46:49');
INSERT INTO boards (id, title, description, level, skill, user_id, created_at) VALUES (93, 'YELLOW 루트 49', 'YELLOW 등급 루트 설명입니다.', 'YELLOW', 'DYNO,OVERHANG,HEEL_HOOK', 1, '2025-05-17 03:46:49');
INSERT INTO boards (id, title, description, level, skill, user_id, created_at) VALUES (94, 'WHITE 루트 50', 'WHITE 등급 루트 설명입니다.', 'WHITE', 'PINCH,OVERHANG', 1, '2025-05-20 03:46:49');
INSERT INTO files (url, filename, board_id) VALUES ('https://example.com/45.png', '45.png', 45);
INSERT INTO files (url, filename, board_id) VALUES ('https://example.com/46.png', '46.png', 46);
INSERT INTO files (url, filename, board_id) VALUES ('https://example.com/47.png', '47.png', 47);
INSERT INTO files (url, filename, board_id) VALUES ('https://example.com/48.png', '48.png', 48);
INSERT INTO files (url, filename, board_id) VALUES ('https://example.com/49.png', '49.png', 49);
INSERT INTO files (url, filename, board_id) VALUES ('https://example.com/50.png', '50.png', 50);
INSERT INTO files (url, filename, board_id) VALUES ('https://example.com/51.png', '51.png', 51);
INSERT INTO files (url, filename, board_id) VALUES ('https://example.com/52.png', '52.png', 52);
INSERT INTO files (url, filename, board_id) VALUES ('https://example.com/53.png', '53.png', 53);
INSERT INTO files (url, filename, board_id) VALUES ('https://example.com/54.png', '54.png', 54);
INSERT INTO files (url, filename, board_id) VALUES ('https://example.com/55.png', '55.png', 55);
INSERT INTO files (url, filename, board_id) VALUES ('https://example.com/56.png', '56.png', 56);
INSERT INTO files (url, filename, board_id) VALUES ('https://example.com/57.png', '57.png', 57);
INSERT INTO files (url, filename, board_id) VALUES ('https://example.com/58.png', '58.png', 58);
INSERT INTO files (url, filename, board_id) VALUES ('https://example.com/59.png', '59.png', 59);
INSERT INTO files (url, filename, board_id) VALUES ('https://example.com/60.png', '60.png', 60);
INSERT INTO files (url, filename, board_id) VALUES ('https://example.com/61.png', '61.png', 61);
INSERT INTO files (url, filename, board_id) VALUES ('https://example.com/62.png', '62.png', 62);
INSERT INTO files (url, filename, board_id) VALUES ('https://example.com/63.png', '63.png', 63);
INSERT INTO files (url, filename, board_id) VALUES ('https://example.com/64.png', '64.png', 64);
INSERT INTO files (url, filename, board_id) VALUES ('https://example.com/65.png', '65.png', 65);
INSERT INTO files (url, filename, board_id) VALUES ('https://example.com/66.png', '66.png', 66);
INSERT INTO files (url, filename, board_id) VALUES ('https://example.com/67.png', '67.png', 67);
INSERT INTO files (url, filename, board_id) VALUES ('https://example.com/68.png', '68.png', 68);
INSERT INTO files (url, filename, board_id) VALUES ('https://example.com/69.png', '69.png', 69);
INSERT INTO files (url, filename, board_id) VALUES ('https://example.com/70.png', '70.png', 70);
INSERT INTO files (url, filename, board_id) VALUES ('https://example.com/71.png', '71.png', 71);
INSERT INTO files (url, filename, board_id) VALUES ('https://example.com/72.png', '72.png', 72);
INSERT INTO files (url, filename, board_id) VALUES ('https://example.com/73.png', '73.png', 73);
INSERT INTO files (url, filename, board_id) VALUES ('https://example.com/74.png', '74.png', 74);
INSERT INTO files (url, filename, board_id) VALUES ('https://example.com/75.png', '75.png', 75);
INSERT INTO files (url, filename, board_id) VALUES ('https://example.com/76.png', '76.png', 76);
INSERT INTO files (url, filename, board_id) VALUES ('https://example.com/77.png', '77.png', 77);
INSERT INTO files (url, filename, board_id) VALUES ('https://example.com/78.png', '78.png', 78);
INSERT INTO files (url, filename, board_id) VALUES ('https://example.com/79.png', '79.png', 79);
INSERT INTO files (url, filename, board_id) VALUES ('https://example.com/80.png', '80.png', 80);
INSERT INTO files (url, filename, board_id) VALUES ('https://example.com/81.png', '81.png', 81);
INSERT INTO files (url, filename, board_id) VALUES ('https://example.com/82.png', '82.png', 82);
INSERT INTO files (url, filename, board_id) VALUES ('https://example.com/83.png', '83.png', 83);
INSERT INTO files (url, filename, board_id) VALUES ('https://example.com/84.png', '84.png', 84);
INSERT INTO files (url, filename, board_id) VALUES ('https://example.com/85.png', '85.png', 85);
INSERT INTO files (url, filename, board_id) VALUES ('https://example.com/86.png', '86.png', 86);
INSERT INTO files (url, filename, board_id) VALUES ('https://example.com/87.png', '87.png', 87);
INSERT INTO files (url, filename, board_id) VALUES ('https://example.com/88.png', '88.png', 88);
INSERT INTO files (url, filename, board_id) VALUES ('https://example.com/89.png', '89.png', 89);
INSERT INTO files (url, filename, board_id) VALUES ('https://example.com/90.png', '90.png', 90);
INSERT INTO files (url, filename, board_id) VALUES ('https://example.com/91.png', '91.png', 91);
INSERT INTO files (url, filename, board_id) VALUES ('https://example.com/92.png', '92.png', 92);
INSERT INTO files (url, filename, board_id) VALUES ('https://example.com/93.png', '93.png', 93);
INSERT INTO files (url, filename, board_id) VALUES ('https://example.com/94.png', '94.png', 94);
INSERT INTO the_climb_board (board_id, the_climb_id) VALUES (45, 632);
INSERT INTO the_climb_board (board_id, the_climb_id) VALUES (46, 650);
INSERT INTO the_climb_board (board_id, the_climb_id) VALUES (47, 642);
INSERT INTO the_climb_board (board_id, the_climb_id) VALUES (48, 632);
INSERT INTO the_climb_board (board_id, the_climb_id) VALUES (49, 630);
INSERT INTO the_climb_board (board_id, the_climb_id) VALUES (50, 630);
INSERT INTO the_climb_board (board_id, the_climb_id) VALUES (51, 642);
INSERT INTO the_climb_board (board_id, the_climb_id) VALUES (52, 640);
INSERT INTO the_climb_board (board_id, the_climb_id) VALUES (53, 630);
INSERT INTO the_climb_board (board_id, the_climb_id) VALUES (54, 650);
INSERT INTO the_climb_board (board_id, the_climb_id) VALUES (55, 650);
INSERT INTO the_climb_board (board_id, the_climb_id) VALUES (56, 651);
INSERT INTO the_climb_board (board_id, the_climb_id) VALUES (57, 632);
INSERT INTO the_climb_board (board_id, the_climb_id) VALUES (58, 642);
INSERT INTO the_climb_board (board_id, the_climb_id) VALUES (59, 641);
INSERT INTO the_climb_board (board_id, the_climb_id) VALUES (60, 640);
INSERT INTO the_climb_board (board_id, the_climb_id) VALUES (61, 651);
INSERT INTO the_climb_board (board_id, the_climb_id) VALUES (62, 651);
INSERT INTO the_climb_board (board_id, the_climb_id) VALUES (63, 641);
INSERT INTO the_climb_board (board_id, the_climb_id) VALUES (64, 630);
INSERT INTO the_climb_board (board_id, the_climb_id) VALUES (65, 642);
INSERT INTO the_climb_board (board_id, the_climb_id) VALUES (66, 651);
INSERT INTO the_climb_board (board_id, the_climb_id) VALUES (67, 640);
INSERT INTO the_climb_board (board_id, the_climb_id) VALUES (68, 650);
INSERT INTO the_climb_board (board_id, the_climb_id) VALUES (69, 632);
INSERT INTO the_climb_board (board_id, the_climb_id) VALUES (70, 632);
INSERT INTO the_climb_board (board_id, the_climb_id) VALUES (71, 640);
INSERT INTO the_climb_board (board_id, the_climb_id) VALUES (72, 642);
INSERT INTO the_climb_board (board_id, the_climb_id) VALUES (73, 640);
INSERT INTO the_climb_board (board_id, the_climb_id) VALUES (74, 641);
INSERT INTO the_climb_board (board_id, the_climb_id) VALUES (75, 631);
INSERT INTO the_climb_board (board_id, the_climb_id) VALUES (76, 640);
INSERT INTO the_climb_board (board_id, the_climb_id) VALUES (77, 632);
INSERT INTO the_climb_board (board_id, the_climb_id) VALUES (78, 631);
INSERT INTO the_climb_board (board_id, the_climb_id) VALUES (79, 630);
INSERT INTO the_climb_board (board_id, the_climb_id) VALUES (80, 641);
INSERT INTO the_climb_board (board_id, the_climb_id) VALUES (81, 631);
INSERT INTO the_climb_board (board_id, the_climb_id) VALUES (82, 650);
INSERT INTO the_climb_board (board_id, the_climb_id) VALUES (83, 631);
INSERT INTO the_climb_board (board_id, the_climb_id) VALUES (84, 651);
INSERT INTO the_climb_board (board_id, the_climb_id) VALUES (85, 630);
INSERT INTO the_climb_board (board_id, the_climb_id) VALUES (86, 651);
INSERT INTO the_climb_board (board_id, the_climb_id) VALUES (87, 641);
INSERT INTO the_climb_board (board_id, the_climb_id) VALUES (88, 640);
INSERT INTO the_climb_board (board_id, the_climb_id) VALUES (89, 640);
INSERT INTO the_climb_board (board_id, the_climb_id) VALUES (90, 650);
INSERT INTO the_climb_board (board_id, the_climb_id) VALUES (91, 640);
INSERT INTO the_climb_board (board_id, the_climb_id) VALUES (92, 650);
INSERT INTO the_climb_board (board_id, the_climb_id) VALUES (93, 641);
INSERT INTO the_climb_board (board_id, the_climb_id) VALUES (94, 630);